Workbook

Sheet resultados_tempos
B13: Quantidade de Amostras: | D13: 100
B14: Conjunto | C14: bubble | D14: insertion | E14: quick
B15: aleatorio | C15: =Medias!C2 -> 197579.67 | D15: =Medias!D2 -> 66599.667 | E15: =Medias!E2 -> 36231.667
B16: crescente | C16: =Medias!C5 -> 1005.6667 | D16: =Medias!D5 -> 14257.333 | E16: =Medias!E5 -> 17967
B17: decrescente | C17: =Medias!C8 -> 16975.333 | D17: =Medias!D8 -> 2761.6667 | E17: =Medias!E8 -> 6054.6667
B19: Quantidade de Amostras: | D19: 1K
B20: Conjunto | C20: bubble | D20: insertion | E20: quick
B21: aleatorio | C21: =Medias!C3 -> 3961715.7 | D21: =Medias!D3 -> 2006573.3 | E21: =Medias!E3 -> 336242.67
B22: crescente | C22: =Medias!C6 -> 594.33333 | D22: =Medias!D6 -> 37343.667 | E22: =Medias!E6 -> 1008560
B23: decrescente | C23: =Medias!C9 -> 1556886.7 | D23: =Medias!D9 -> 94084.333 | E23: =Medias!E9 -> 262292
B25: Quantidade de Amostras: | D25: 10K
B26: Conjunto | C26: bubble | D26: insertion | E26: quick
B27: aleatorio | C27: =Medias!C4 -> 45434194 | D27: =Medias!D4 -> 16939893 | E27: =Medias!E4 -> 790427.33
B28: crescente | C28: =Medias!C7 -> 2845.3333 | D28: =Medias!D7 -> 39608 | E28: =Medias!E7 -> 37459980
B29: decrescente | C29: =Medias!C10 -> 40997975 | D29: =Medias!D10 -> 8983235 | E29: =Medias!E10 -> 25681377

Sheet Medias
A1: conjunto | B1: tamanho | C1: bubble_ms | D1: insertion_ms | E1: quick_ms
A2: aleatorio | B2: 100 | C2: =AVERAGE(resultados_tempos_2!C2,resultados_tempos_3!C2,resultados_tempos_4!C2) -> 197579.67 | D2: =AVERAGE(resultados_tempos_2!D2,resultados_tempos_3!D2,resultados_tempos_4!D2) -> 66599.667 | E2: =AVERAGE(resultados_tempos_2!E2,resultados_tempos_3!E2,resultados_tempos_4!E2) -> 36231.667
A3: aleatorio | B3: 1000 | C3: =AVERAGE(resultados_tempos_2!C3,resultados_tempos_3!C3,resultados_tempos_4!C3) -> 3961715.7 | D3: =AVERAGE(resultados_tempos_2!D3,resultados_tempos_3!D3,resultados_tempos_4!D3) -> 2006573.3 | E3: =AVERAGE(resultados_tempos_2!E3,resultados_tempos_3!E3,resultados_tempos_4!E3) -> 336242.67
A4: aleatorio | B4: 10000 | C4: =AVERAGE(resultados_tempos_2!C4,resultados_tempos_3!C4,resultados_tempos_4!C4) -> 45434194 | D4: =AVERAGE(resultados_tempos_2!D4,resultados_tempos_3!D4,resultados_tempos_4!D4) -> 16939893 | E4: =AVERAGE(resultados_tempos_2!E4,resultados_tempos_3!E4,resultados_tempos_4!E4) -> 790427.33
A5: crescente | B5: 100 | C5: =AVERAGE(resultados_tempos_2!C5,resultados_tempos_3!C5,resultados_tempos_4!C5) -> 1005.6667 | D5: =AVERAGE(resultados_tempos_2!D5,resultados_tempos_3!D5,resultados_tempos_4!D5) -> 14257.333 | E5: =AVERAGE(resultados_tempos_2!E5,resultados_tempos_3!E5,resultados_tempos_4!E5) -> 17967
A6: crescente | B6: 1000 | C6: =AVERAGE(resultados_tempos_2!C6,resultados_tempos_3!C6,resultados_tempos_4!C6) -> 594.33333 | D6: =AVERAGE(resultados_tempos_2!D6,resultados_tempos_3!D6,resultados_tempos_4!D6) -> 37343.667 | E6: =AVERAGE(resultados_tempos_2!E6,resultados_tempos_3!E6,resultados_tempos_4!E6) -> 1008560
A7: crescente | B7: 10000 | C7: =AVERAGE(resultados_tempos_2!C7,resultados_tempos_3!C7,resultados_tempos_4!C7) -> 2845.3333 | D7: =AVERAGE(resultados_tempos_2!D7,resultados_tempos_3!D7,resultados_tempos_4!D7) -> 39608 | E7: =AVERAGE(resultados_tempos_2!E7,resultados_tempos_3!E7,resultados_tempos_4!E7) -> 37459980
A8: decrescente | B8: 100 | C8: =AVERAGE(resultados_tempos_2!C8,resultados_tempos_3!C8,resultados_tempos_4!C8) -> 16975.333 | D8: =AVERAGE(resultados_tempos_2!D8,resultados_tempos_3!D8,resultados_tempos_4!D8) -> 2761.6667 | E8: =AVERAGE(resultados_tempos_2!E8,resultados_tempos_3!E8,resultados_tempos_4!E8) -> 6054.6667
A9: decrescente | B9: 1000 | C9: =AVERAGE(resultados_tempos_2!C9,resultados_tempos_3!C9,resultados_tempos_4!C9) -> 1556886.7 | D9: =AVERAGE(resultados_tempos_2!D9,resultados_tempos_3!D9,resultados_tempos_4!D9) -> 94084.333 | E9: =AVERAGE(resultados_tempos_2!E9,resultados_tempos_3!E9,resultados_tempos_4!E9) -> 262292
A10: decrescente | B10: 10000 | C10: =AVERAGE(resultados_tempos_2!C10,resultados_tempos_3!C10,resultados_tempos_4!C10) -> 40997975 | D10: =AVERAGE(resultados_tempos_2!D10,resultados_tempos_3!D10,resultados_tempos_4!D10) -> 8983235 | E10: =AVERAGE(resultados_tempos_2!E10,resultados_tempos_3!E10,resultados_tempos_4!E10) -> 25681377

Sheet resultados_tempos_2
A1: conjunto | B1: tamanho | C1: bubble_ms | D1: insertion_ms | E1: quick_ms
A2: aleatorio | B2: 100 | C2: 190359 | D2: 65524 | E2: 44173
A3: aleatorio | B3: 1000 | C3: 4434002 | D3: 2073530 | E3: 392292
A4: aleatorio | B4: 10000 | C4: 41227837 | D4: 17152756 | E4: 788941
A5: crescente | B5: 100 | C5: 882 | D5: 16041 | E5: 18184
A6: crescente | B6: 1000 | C6: 952 | D6: 40617 | E6: 980814
A7: crescente | B7: 10000 | C7: 3056 | D7: 40577 | E7: 34175846
A8: decrescente | B8: 100 | C8: 15429 | D8: 2615 | E8: 5851
A9: decrescente | B9: 1000 | C9: 1713660 | D9: 94028 | E9: 257897
A10: decrescente | B10: 10000 | C10: 39613876 | D10: 8834260 | E10: 26300498

Sheet resultados_tempos_3
A1: conjunto | B1: tamanho | C1: bubble_ms | D1: insertion_ms | E1: quick_ms
A2: aleatorio | B2: 100 | C2: 203394 | D2: 67959 | E2: 33103
A3: aleatorio | B3: 1000 | C3: 3708690 | D3: 1836121 | E3: 306740
A4: aleatorio | B4: 10000 | C4: 50561629 | D4: 16819455 | E4: 789903
A5: crescente | B5: 100 | C5: 1403 | D5: 13125 | E5: 18024
A6: crescente | B6: 1000 | C6: 390 | D6: 36889 | E6: 1020459
A7: crescente | B7: 10000 | C7: 2444 | D7: 40336 | E7: 39243043
A8: decrescente | B8: 100 | C8: 18645 | D8: 2444 | E8: 5801
A9: decrescente | B9: 1000 | C9: 512579 | D9: 94138 | E9: 270571
A10: decrescente | B10: 10000 | C10: 43466507 | D10: 9501512 | E10: 25378845

Sheet resultados_tempos_4
A1: conjunto | B1: tamanho | C1: bubble_ms | D1: insertion_ms | E1: quick_ms
A2: aleatorio | B2: 100 | C2: 198986 | D2: 66316 | E2: 31419
A3: aleatorio | B3: 1000 | C3: 3742455 | D3: 2110069 | E3: 309696
A4: aleatorio | B4: 10000 | C4: 44513116 | D4: 16847468 | E4: 792438
A5: crescente | B5: 100 | C5: 732 | D5: 13606 | E5: 17693
A6: crescente | B6: 1000 | C6: 441 | D6: 34525 | E6: 1024407
A7: crescente | B7: 10000 | C7: 3036 | D7: 37911 | E7: 38961050
A8: decrescente | B8: 100 | C8: 16852 | D8: 3226 | E8: 6512
A9: decrescente | B9: 1000 | C9: 2444421 | D9: 94087 | E9: 258408
A10: decrescente | B10: 10000 | C10: 39913541 | D10: 8613933 | E10: 25364789
